Workbook

Sheet Instructions
A1: Perform the following in the dataset from the 'Dataset' sheet.
B3: 1) Handling Missing Values:
C4: • Check for missing values in the 'Price' column. How would you handle products with missing price information?
C5: • If there are products with missing categories, propose a strategy to impute or deal with these missing values effectively.
B7: 2) Correcting Inconsistent Data:
C8: • Identify any inconsistent text formats present in the "Product Name" column.
C9: • Identify any typos present in the "Category" column.
C10: • Use the find and replace function to standardize the text formats in the "Product Name" column and fix any typos or misspellings in the "Category" column.
B12: 3) Removing Duplicates:
C13: • Identify any duplicate rows within the dataset based on the entirety of each row, and remove them if any.
B15: 4) Splitting and Merging Data:
C16: • Split the "Product ID" column into two separate columns for " Manufacturing Date" and "Country Code". Remove unnecessary characters, if any.
C17: • Merge the "Brand Name" and "Product Name" columns into one column named "Product Brand".
B19: 5) Number Formatting:
C20: • Format the data type of the "Price" column to currency format.
C21: • Format the "Manufacturing Date" column to display dates in the "DD-MM-YYYY " format.
B23: 6) Conditional Formatting:
C24: • Apply data bar or color scales conditional formatting in the "Price" column.
C25: • Create a custom rule for conditional formatting in the "Category" column to highlight cells where the category is "Electronics."

Sheet Dataset
A1: Product ID | B1: Product Name | C1: Brand Name | D1: Price ($) | E1: Quantity | F1: Category
A2: 28-JAN-US | B2: laptop | C2: Dell | D2: 1000 | E2: 30 | F2: Electronics | H2: 1.Handling Missing Values | Q2: 1. Missing Category | U2: =UPPER(K3) | V2: 2. Correcting Inconsistent Data | AD2: 5. . Nmber Formatting
A3: 15-FEB-US | B3: Sneakers | C3: Nike | D3: 80 | E3: 15 | F3: Fashion
A4: 03-MAR-US | B4: Coffee Maker | C4: Keurig | D4: 130 | E4: 40 | F4: Kitchen
A5: 11-APR-US | B5: smartphone | C5: Samsung | D5: 900 | E5: 25 | F5: Electronics | R5: Category | S5: Missing Category | V5: Product Name | X5: Typos Category | Z5: Product Name | AA5: Category | AC5: Price | AD5: Currency | AG5: Manufacturing Date | AH5: Manufacturing Date2
A6: 22-MAY-US | B6: Backpack | C6: North Face | D6: 70 | E6: 20 | K6: Price ($) | L6: Missing Price($) | R6: Electronics | S6: =IF(R6="","Unknown",R6) -> Electronics | V6: laptop | X6: Electronics | Z6: =PROPER(TRIM(V6)) -> Laptop | AA6: Electronics | AC6: 1000 | AD6: 1000 | AG6: 45685 | AH6: =TEXT(Dataset!AG6,"DD-MM-YYYY") -> 28-01-2025
A7: 07-JUN-UK | B7: Headphones | C7: Sony | E7: 45 | F7: Electroni | K7: 1000 | L7: =IF(ISBLANK(K7),ROUND(AVERAGEIF($F$2:$F$32,F2,$K$7:$K$37),0),K7) -> 1000 | R7: Fashion | S7: =IF(R7="","Unknown",R7) -> Fashion | V7: Sneakers | X7: Fashion | Z7: =PROPER(TRIM(V7)) -> Sneakers | AA7: Fashion | AC7: 80 | AD7: 80 | AG7: 45703 | AH7: =TEXT(Dataset!AG7,"DD-MM-YYYY") -> 15-02-2025
A8: 19-JUL-UK | B8: T-shirt | C8: Adidas | D8: 30 | E8: 5 | F8: Fashion | K8: 80 | L8: =IF(ISBLANK(K8),ROUND(AVERAGEIF($F$2:$F$32,F3,$K$7:$K$37),0),K8) -> 80 | R8: Kitchen | S8: =IF(R8="","Unknown",R8) -> Kitchen | V8: Coffee Maker | X8: Kitchen | Z8: =PROPER(TRIM(V8)) -> Coffee Maker | AA8: Kitchen | AC8: 130 | AD8: 130 | AG8: 45719 | AH8: =TEXT(Dataset!AG8,"DD-MM-YYYY") -> 03-03-2025
A9: 23-AUG-UK | B9: Blender | C9: Ninja | D9: 90 | E9: 35 | F9: Kitchen | K9: 130 | L9: =IF(ISBLANK(K9),ROUND(AVERAGEIF($F$2:$F$32,F4,$K$7:$K$37),0),K9) -> 130 | R9: Electronics | S9: =IF(R9="","Unknown",R9) -> Electronics | V9: smartphone | X9: Electronics | Z9: =PROPER(TRIM(V9)) -> Smartphone | AA9: Electronics | AC9: 900 | AD9: 900 | AG9: 45758 | AH9: =TEXT(Dataset!AG9,"DD-MM-YYYY") -> 11-04-2025
A10: 05-SEP-UK | B10: Tablet | C10: Apple | D10: 500 | E10: 50 | F10: Electronics | K10: 900 | L10: =IF(ISBLANK(K10),ROUND(AVERAGEIF($F$2:$F$32,F5,$K$7:$K$37),0),K10) -> 900 | S10: =IF(R10="","Unknown",R10) -> Unknown | V10: Backpack | X10: Unknown | Z10: =PROPER(TRIM(V10)) -> Backpack | AA10: Unknown | AC10: 70 | AD10: 70 | AG10: 45799 | AH10: =TEXT(Dataset!AG10,"DD-MM-YYYY") -> 22-05-2025
A11: 14-OCT-UK | B11: Hiking Boots | C11: Timberland | D11: 130 | E11: 10 | F11: Outdoor | K11: 70 | L11: =IF(ISBLANK(K11),ROUND(AVERAGEIF($F$2:$F$32,F6,$K$7:$K$37),0),K11) -> 70 | N11: Blank Count : | O11: =COUNTBLANK(D2:D32) -> 3 | R11: Electroni | S11: =IF(R11="","Unknown",R11) -> Electroni | V11: Headphones | X11: Electroni | Z11: =PROPER(TRIM(V11)) -> Headphones | AA11: Electronics | AC11: 187 | AD11: 187 | AG11: 45815 | AH11: =TEXT(Dataset!AG11,"DD-MM-YYYY") -> 07-06-2025
A12: 17-JUN-IN | B12: Laptop | C12: HP | D12: 950 | E12: 25 | F12: Electronics | L12: =IF(ISBLANK(K12),ROUND(AVERAGEIF($F$2:$F$32,F7,$K$7:$K$37),0),K12) -> 187 | R12: Fashion | S12: =IF(R12="","Unknown",R12) -> Fashion | V12: T-shirt | X12: Fashion | Z12: =PROPER(TRIM(V12)) -> T-Shirt | AA12: Fashion | AC12: 30 | AD12: 30 | AG12: 45857 | AH12: =TEXT(Dataset!AG12,"DD-MM-YYYY") -> 19-07-2025
A13: 25-NOV-AU | B13: Sneakers | C13: Adidas | D13: 90 | E13: 40 | K13: 30 | L13: =IF(ISBLANK(K13),ROUND(AVERAGEIF($F$2:$F$32,F8,$K$7:$K$37),0),K13) -> 30 | R13: Kitchen | S13: =IF(R13="","Unknown",R13) -> Kitchen | V13: Blender | X13: Kitchen | Z13: =PROPER(TRIM(V13)) -> Blender | AA13: Kitchen | AC13: 90 | AD13: 90 | AG13: 45892 | AH13: =TEXT(Dataset!AG13,"DD-MM-YYYY") -> 23-08-2025
A14: 08-DEC-DE | B14: Coffee Maker | C14: Nespresso | D14: 120 | E14: 35 | K14: 90 | L14: =IF(ISBLANK(K14),ROUND(AVERAGEIF($F$2:$F$32,F9,$K$7:$K$37),0),K14) -> 90 | R14: Electronics | S14: =IF(R14="","Unknown",R14) -> Electronics | V14: Tablet | X14: Electronics | Z14: =PROPER(TRIM(V14)) -> Tablet | AA14: Electronics | AC14: 500 | AD14: 500 | AG14: 45905 | AH14: =TEXT(Dataset!AG14,"DD-MM-YYYY") -> 05-09-2025
A15: 18-FEB-CA | B15: Smartwatch | C15: Fitbit | D15: 150 | E15: 15 | F15: Electroni | K15: 500 | L15: =IF(ISBLANK(K15),ROUND(AVERAGEIF($F$2:$F$32,F10,$K$7:$K$37),0),K15) -> 500 | R15: Outdoor | S15: =IF(R15="","Unknown",R15) -> Outdoor | V15: Hiking Boots | X15: Outdoor | Z15: =PROPER(TRIM(V15)) -> Hiking Boots | AA15: Outdoor | AC15: 130 | AD15: 130 | AG15: 45944 | AH15: =TEXT(Dataset!AG15,"DD-MM-YYYY") -> 14-10-2025
A16: 16-APR-ES | B16: headphones | C16: Bose | D16: 250 | E16: 20 | F16: Electroni | K16: 130 | L16: =IF(ISBLANK(K16),ROUND(AVERAGEIF($F$2:$F$32,F11,$K$7:$K$37),0),K16) -> 130 | R16: Electronics | S16: =IF(R16="","Unknown",R16) -> Electronics | V16: Laptop | X16: Electronics | Z16: =PROPER(TRIM(V16)) -> Laptop | AA16: Electronics | AC16: 950 | AD16: 950 | AG16: 45825 | AH16: =TEXT(Dataset!AG16,"DD-MM-YYYY") -> 17-06-2025
A17: 21-AUG-CA | B17: Laptop Bag | C17: Samsonite | D17: 50 | E17: 35 | F17: Accessories | K17: 950 | L17: =IF(ISBLANK(K17),ROUND(AVERAGEIF($F$2:$F$32,F12,$K$7:$K$37),0),K17) -> 950 | S17: =IF(R17="","Unknown",R17) -> Unknown | V17: Sneakers | X17: Unknown | Z17: =PROPER(TRIM(V17)) -> Sneakers | AA17: Unknown | AC17: 90 | AD17: 90 | AG17: 45986 | AH17: =TEXT(Dataset!AG17,"DD-MM-YYYY") -> 25-11-2025
A18: 20-AUG-CN | B18: Smartwatch | C18: Huawei | D18: 160 | E18: 15 | F18: Electroni | K18: 90 | L18: =IF(ISBLANK(K18),ROUND(AVERAGEIF($F$2:$F$32,F13,$K$7:$K$37),0),K18) -> 90 | S18: =IF(R18="","Unknown",R18) -> Unknown | V18: Coffee Maker | X18: Unknown | Z18: =PROPER(TRIM(V18)) -> Coffee Maker | AA18: Unknown | AC18: 120 | AD18: 120 | AG18: 45999 | AH18: =TEXT(Dataset!AG18,"DD-MM-YYYY") -> 08-12-2025
A19: 27-JAN-IT | B19: laptop | C19: Asus | D19: 980 | E19: 10 | F19: Electronics | K19: 120 | L19: =IF(ISBLANK(K19),ROUND(AVERAGEIF($F$2:$F$32,F14,$K$7:$K$37),0),K19) -> 120 | R19: Electroni | S19: =IF(R19="","Unknown",R19) -> Electroni | V19: Smartwatch | X19: Electroni | Z19: =PROPER(TRIM(V19)) -> Smartwatch | AA19: Electronics | AC19: 150 | AD19: 150 | AG19: 45706 | AH19: =TEXT(Dataset!AG19,"DD-MM-YYYY") -> 18-02-2025
A20: 01-MAR-UK | B20: Sunglasses | C20: Oakley | D20: 150 | E20: 15 | F20: Fashion | K20: 150 | L20: =IF(ISBLANK(K20),ROUND(AVERAGEIF($F$2:$F$32,F15,$K$7:$K$37),0),K20) -> 150 | R20: Electroni | S20: =IF(R20="","Unknown",R20) -> Electroni | V20: headphones | X20: Electroni | Z20: =PROPER(TRIM(V20)) -> Headphones | AA20: Electronics | AC20: 250 | AD20: 250 | AG20: 45763 | AH20: =TEXT(Dataset!AG20,"DD-MM-YYYY") -> 16-04-2025
A21: 14-AUG-US | B21: Camping Tent | C21: Coleman | E21: 10 | F21: Outdoor | K21: 250 | L21: =IF(ISBLANK(K21),ROUND(AVERAGEIF($F$2:$F$32,F16,$K$7:$K$37),0),K21) -> 250 | R21: Accessories | S21: =IF(R21="","Unknown",R21) -> Accessories | V21: Laptop Bag | X21: Accessories | Z21: =PROPER(TRIM(V21)) -> Laptop Bag | AA21: Accessories | AC21: 50 | AD21: 50 | AG21: 45890 | AH21: =TEXT(Dataset!AG21,"DD-MM-YYYY") -> 21-08-2025
A22: 14-MAY-RU | B22: Camera | C22: Nikon | D22: 700 | E22: 50 | F22: Electronics | K22: 50 | L22: =IF(ISBLANK(K22),ROUND(AVERAGEIF($F$2:$F$32,F17,$K$7:$K$37),0),K22) -> 50 | R22: Electroni | S22: =IF(R22="","Unknown",R22) -> Electroni | V22: Smartwatch | X22: Electroni | Z22: =PROPER(TRIM(V22)) -> Smartwatch | AA22: Electronics | AC22: 160 | AD22: 160 | AG22: 45889 | AH22: =TEXT(Dataset!AG22,"DD-MM-YYYY") -> 20-08-2025
A23: 09-JAN-CA | B23: Microwave | C23: Panasonic | D23: 80 | E23: 20 | F23: Kitchen | K23: 160 | L23: =IF(ISBLANK(K23),ROUND(AVERAGEIF($F$2:$F$32,F18,$K$7:$K$37),0),K23) -> 160 | R23: Electronics | S23: =IF(R23="","Unknown",R23) -> Electronics | V23: laptop | X23: Electronics | Z23: =PROPER(TRIM(V23)) -> Laptop | AA23: Electronics | AC23: 980 | AD23: 980 | AG23: 45684 | AH23: =TEXT(Dataset!AG23,"DD-MM-YYYY") -> 27-01-2025
A24: 19-JUL-BR | B24: Fitness Tracker | C24: Xiaomi | D24: 150 | E24: 30 | K24: 980 | L24: =IF(ISBLANK(K24),ROUND(AVERAGEIF($F$2:$F$32,F19,$K$7:$K$37),0),K24) -> 980 | R24: Fashion | S24: =IF(R24="","Unknown",R24) -> Fashion | V24: Sunglasses | X24: Fashion | Z24: =PROPER(TRIM(V24)) -> Sunglasses | AA24: Fashion | AC24: 150 | AD24: 150 | AG24: 45717 | AH24: =TEXT(Dataset!AG24,"DD-MM-YYYY") -> 01-03-2025
A25: 29-SEP-CA | B25: Smartphone | C25: Google | D25: 800 | E25: 45 | F25: Electronics | K25: 150 | L25: =IF(ISBLANK(K25),ROUND(AVERAGEIF($F$2:$F$32,F20,$K$7:$K$37),0),K25) -> 150 | R25: Outdoor | S25: =IF(R25="","Unknown",R25) -> Outdoor | V25: Camping Tent | X25: Outdoor | Z25: =PROPER(TRIM(V25)) -> Camping Tent | AA25: Outdoor | AC25: 130 | AD25: 130 | AG25: 45883 | AH25: =TEXT(Dataset!AG25,"DD-MM-YYYY") -> 14-08-2025
A26: 03-JUN-CA | B26: Sunglasses | C26: Ray-Ban | E26: 25 | F26: Fashion | L26: =IF(ISBLANK(K26),ROUND(AVERAGEIF($F$2:$F$32,F21,$K$7:$K$37),0),K26) -> 130 | R26: Electronics | S26: =IF(R26="","Unknown",R26) -> Electronics | V26: Camera | X26: Electronics | Z26: =PROPER(TRIM(V26)) -> Camera | AA26: Electronics | AC26: 700 | AD26: 700 | AG26: 45791 | AH26: =TEXT(Dataset!AG26,"DD-MM-YYYY") -> 14-05-2025
A27: 11-JUL-CA | B27: Blender | C27: Vitamix | D27: 400 | E27: 40 | F27: Kitchen | K27: 700 | L27: =IF(ISBLANK(K27),ROUND(AVERAGEIF($F$2:$F$32,F22,$K$7:$K$37),0),K27) -> 700 | R27: Kitchen | S27: =IF(R27="","Unknown",R27) -> Kitchen | V27: Microwave | X27: Kitchen | Z27: =PROPER(TRIM(V27)) -> Microwave | AA27: Kitchen | AC27: 80 | AD27: 80 | AG27: 45666 | AH27: =TEXT(Dataset!AG27,"DD-MM-YYYY") -> 09-01-2025
A28: 07-MAR-CA | B28: Dress | C28: Zara | D28: 60 | E28: 30 | F28: Fashion | K28: 80 | L28: =IF(ISBLANK(K28),ROUND(AVERAGEIF($F$2:$F$32,F23,$K$7:$K$37),0),K28) -> 80 | S28: =IF(R28="","Unknown",R28) -> Unknown | V28: Fitness Tracker | X28: Unknown | Z28: =PROPER(TRIM(V28)) -> Fitness Tracker | AA28: Unknown | AC28: 150 | AD28: 150 | AG28: 45857 | AH28: =TEXT(Dataset!AG28,"DD-MM-YYYY") -> 19-07-2025
A29: 13-APR-CA | B29: Toaster | C29: Hamilton | D29: 40 | E29: 10 | F29: Kitchen | K29: 150 | L29: =IF(ISBLANK(K29),ROUND(AVERAGEIF($F$2:$F$32,F24,$K$7:$K$37),0),K29) -> 150 | R29: Electronics | S29: =IF(R29="","Unknown",R29) -> Electronics | V29: Smartphone | X29: Electronics | Z29: =PROPER(TRIM(V29)) -> Smartphone | AA29: Electronics | AC29: 800 | AD29: 800 | AG29: 45929 | AH29: =TEXT(Dataset!AG29,"DD-MM-YYYY") -> 29-09-2025
A30: 24-MAY-CA | B30: Fitness Tracker | C30: Garmin | D30: 130 | E30: 5 | F30: Electronics | K30: 800 | L30: =IF(ISBLANK(K30),ROUND(AVERAGEIF($F$2:$F$32,F25,$K$7:$K$37),0),K30) -> 800 | R30: Fashion | S30: =IF(R30="","Unknown",R30) -> Fashion | V30: Sunglasses | X30: Fashion | Z30: =PROPER(TRIM(V30)) -> Sunglasses | AA30: Fashion | AC30: 74 | AD30: 74 | AG30: 45811 | AH30: =TEXT(Dataset!AG30,"DD-MM-YYYY") -> 03-06-2025
A31: 02-DEC-CA | B31: Jeans | C31: Levi's | D31: 50 | E31: 50 | F31: Fashion | L31: =IF(ISBLANK(K31),ROUND(AVERAGEIF($F$2:$F$32,F26,$K$7:$K$37),0),K31) -> 74 | R31: Kitchen | S31: =IF(R31="","Unknown",R31) -> Kitchen | V31: Blender | X31: Kitchen | Z31: =PROPER(TRIM(V31)) -> Blender | AA31: Kitchen | AC31: 400 | AD31: 400 | AG31: 45849 | AH31: =TEXT(Dataset!AG31,"DD-MM-YYYY") -> 11-07-2025
A32: 09-JUL-FR | B32: Watch | C32: Casio | D32: 100 | E32: 20 | F32: Accessories | K32: 400 | L32: =IF(ISBLANK(K32),ROUND(AVERAGEIF($F$2:$F$32,F27,$K$7:$K$37),0),K32) -> 400 | R32: Fashion | S32: =IF(R32="","Unknown",R32) -> Fashion | V32: Dress | X32: Fashion | Z32: =PROPER(TRIM(V32)) -> Dress | AA32: Fashion | AC32: 60 | AD32: 60 | AG32: 45723 | AH32: =TEXT(Dataset!AG32,"DD-MM-YYYY") -> 07-03-2025
K33: 60 | L33: =IF(ISBLANK(K33),ROUND(AVERAGEIF($F$2:$F$32,F28,$K$7:$K$37),0),K33) -> 60 | R33: Kitchen | S33: =IF(R33="","Unknown",R33) -> Kitchen | V33: Toaster | X33: Kitchen | Z33: =PROPER(TRIM(V33)) -> Toaster | AA33: Kitchen | AC33: 40 | AD33: 40 | AG33: 45760 | AH33: =TEXT(Dataset!AG33,"DD-MM-YYYY") -> 13-04-2025
K34: 40 | L34: =IF(ISBLANK(K34),ROUND(AVERAGEIF($F$2:$F$32,F29,$K$7:$K$37),0),K34) -> 40 | R34: Electronics | S34: =IF(R34="","Unknown",R34) -> Electronics | V34: Fitness Tracker | X34: Electronics | Z34: =PROPER(TRIM(V34)) -> Fitness Tracker | AA34: Electronics | AC34: 130 | AD34: 130 | AG34: 45801 | AH34: =TEXT(Dataset!AG34,"DD-MM-YYYY") -> 24-05-2025
K35: 130 | L35: =IF(ISBLANK(K35),ROUND(AVERAGEIF($F$2:$F$32,F30,$K$7:$K$37),0),K35) -> 130 | R35: Fashion | S35: =IF(R35="","Unknown",R35) -> Fashion | V35: Jeans | X35: Fashion | Z35: =PROPER(TRIM(V35)) -> Jeans | AA35: Fashion | AC35: 50 | AD35: 50 | AG35: 45993 | AH35: =TEXT(Dataset!AG35,"DD-MM-YYYY") -> 02-12-2025
K36: 50 | L36: =IF(ISBLANK(K36),ROUND(AVERAGEIF($F$2:$F$32,F31,$K$7:$K$37),0),K36) -> 50 | R36: Accessories | S36: =IF(R36="","Unknown",R36) -> Accessories | V36: Watch | X36: Accessories | Z36: =PROPER(TRIM(V36)) -> Watch | AA36: Accessories | AC36: 100 | AD36: 100 | AG36: 45847 | AH36: =TEXT(Dataset!AG36,"DD-MM-YYYY") -> 09-07-2025
K37: 100 | L37: =IF(ISBLANK(K37),ROUND(AVERAGEIF($F$2:$F$32,F32,$K$7:$K$37),0),K37) -> 100
K40: 3. Duplicates | Y40: 4.Splitting | AF40: 6.Conditional Formatting
I43: Product ID | J43: Product Name | K43: Brand Name | L43: Price ($) | M43: Quantity | N43: Category | Q43: Product ID | R43: Product Name | S43: Brand Name | T43: Price($) | U43: Quantity | V43: Category | X43: Product ID | Y43: Manufacturing Date | Z43: Country Code | AB43: Product Name | AC43: Brand Name | AD43: Product Brand
I44: 28-JAN-US | J44: laptop | K44: Dell | L44: 1000 | M44: 30 | N44: Electronics | Q44: 28-JAN-US | R44: Laptop | S44: Dell | T44: 1000 | U44: 30 | V44: Electronics | X44: 28-JAN-US | Y44: 45685 | Z44: US | AB44: Laptop | AC44: Dell | AD44: =CONCATENATE(AB44," - ",AC44) -> Laptop - Dell | AH44: Price($) | AK44: Category
I45: 15-FEB-US | J45: Sneakers | K45: Nike | L45: 80 | M45: 15 | N45: Fashion | Q45: 15-FEB-US | R45: Sneakers | S45: Nike | T45: 80 | U45: 15 | V45: Fashion | X45: 15-FEB-US | Y45: 45703 | Z45: US | AB45: Sneakers | AC45: Nike | AD45: =CONCATENATE(AB45," - ",AC45) -> Sneakers - Nike | AH45: 1000 | AK45: Electronics
I46: 03-MAR-US | J46: Coffee Maker | K46: Keurig | L46: 130 | M46: 40 | N46: Kitchen | Q46: 03-MAR-US | R46: Coffee Maker | S46: Keurig | T46: 130 | U46: 40 | V46: Kitchen | X46: 03-MAR-US | Y46: 45719 | Z46: US | AB46: Coffee Maker | AC46: Keurig | AD46: =CONCATENATE(AB46," - ",AC46) -> Coffee Maker - Keurig | AH46: 80 | AK46: Fashion
I47: 11-APR-US | J47: smartphone | K47: Samsung | L47: 900 | M47: 25 | N47: Electronics | Q47: 11-APR-US | R47: Smartphone | S47: Samsung | T47: 900 | U47: 25 | V47: Electronics | X47: 11-APR-US | Y47: 45758 | Z47: US | AB47: Smartphone | AC47: Samsung | AD47: =CONCATENATE(AB47," - ",AC47) -> Smartphone - Samsung | AH47: 130 | AK47: Kitchen
I48: 22-MAY-US | J48: Backpack | K48: North Face | L48: 70 | M48: 20 | Q48: 22-MAY-US | R48: Backpack | S48: North Face | T48: 70 | U48: 20 | V48: Unknown | X48: 22-MAY-US | Y48: 45799 | Z48: US | AB48: Backpack | AC48: North Face | AD48: =CONCATENATE(AB48," - ",AC48) -> Backpack - North Face | AH48: 900 | AK48: Electronics
I49: 07-JUN-UK | J49: Headphones | K49: Sony | M49: 45 | N49: Electroni | Q49: 07-JUN-UK | R49: Headphones | S49: Sony | T49: 187 | U49: 45 | V49: Electronics | X49: 07-JUN-UK | Y49: 45815 | Z49: UK | AB49: Headphones | AC49: Sony | AD49: =CONCATENATE(AB49," - ",AC49) -> Headphones - Sony | AH49: 70 | AK49: Unknown
I50: 19-JUL-UK | J50: T-shirt | K50: Adidas | L50: 30 | M50: 5 | N50: Fashion | Q50: 19-JUL-UK | R50: T-Shirt | S50: Adidas | T50: 30 | U50: 5 | V50: Fashion | X50: 19-JUL-UK | Y50: 45857 | Z50: UK | AB50: T-Shirt | AC50: Adidas | AD50: =CONCATENATE(AB50," - ",AC50) -> T-Shirt - Adidas | AH50: 187 | AK50: Electronics
I51: 23-AUG-UK | J51: Blender | K51: Ninja | L51: 90 | M51: 35 | N51: Kitchen | Q51: 23-AUG-UK | R51: Blender | S51: Ninja | T51: 90 | U51: 35 | V51: Kitchen | X51: 23-AUG-UK | Y51: 45892 | Z51: UK | AB51: Blender | AC51: Ninja | AD51: =CONCATENATE(AB51," - ",AC51) -> Blender - Ninja | AH51: 30 | AK51: Fashion
I52: 05-SEP-UK | J52: Tablet | K52: Apple | L52: 500 | M52: 50 | N52: Electronics | Q52: 05-SEP-UK | R52: Tablet | S52: Apple | T52: 500 | U52: 50 | V52: Electronics | X52: 05-SEP-UK | Y52: 45905 | Z52: UK | AB52: Tablet | AC52: Apple | AD52: =CONCATENATE(AB52," - ",AC52) -> Tablet - Apple | AH52: 90 | AK52: Kitchen
I53: 14-OCT-UK | J53: Hiking Boots | K53: Timberland | L53: 130 | M53: 10 | N53: Outdoor | Q53: 14-OCT-UK | R53: Hiking Boots | S53: Timberland | T53: 130 | U53: 10 | V53: Outdoor | X53: 14-OCT-UK | Y53: 45944 | Z53: UK | AB53: Hiking Boots | AC53: Timberland | AD53: =CONCATENATE(AB53," - ",AC53) -> Hiking Boots - Timberland | AH53: 500 | AK53: Electronics
I54: 17-JUN-IN | J54: Laptop | K54: HP | L54: 950 | M54: 25 | N54: Electronics | Q54: 17-JUN-IN | R54: Laptop | S54: HP | T54: 950 | U54: 25 | V54: Electronics | X54: 17-JUN-IN | Y54: 45825 | Z54: IN | AB54: Laptop | AC54: HP | AD54: =CONCATENATE(AB54," - ",AC54) -> Laptop - HP | AH54: 130 | AK54: Outdoor
I55: 25-NOV-AU | J55: Sneakers | K55: Adidas | L55: 90 | M55: 40 | Q55: 25-NOV-AU | R55: Sneakers | S55: Adidas | T55: 90 | U55: 40 | V55: Unknown | X55: 25-NOV-AU | Y55: 45986 | Z55: AU | AB55: Sneakers | AC55: Adidas | AD55: =CONCATENATE(AB55," - ",AC55) -> Sneakers - Adidas | AH55: 950 | AK55: Electronics
I56: 08-DEC-DE | J56: Coffee Maker | K56: Nespresso | L56: 120 | M56: 35 | Q56: 08-DEC-DE | R56: Coffee Maker | S56: Nespresso | T56: 120 | U56: 35 | V56: Unknown | X56: 08-DEC-DE | Y56: 45999 | Z56: DE | AB56: Coffee Maker | AC56: Nespresso | AD56: =CONCATENATE(AB56," - ",AC56) -> Coffee Maker - Nespresso | AH56: 90 | AK56: Unknown
I57: 18-FEB-CA | J57: Smartwatch | K57: Fitbit | L57: 150 | M57: 15 | N57: Electroni | Q57: 18-FEB-CA | R57: Smartwatch | S57: Fitbit | T57: 150 | U57: 15 | V57: Electronics | X57: 18-FEB-CA | Y57: 45706 | Z57: CA | AB57: Smartwatch | AC57: Fitbit | AD57: =CONCATENATE(AB57," - ",AC57) -> Smartwatch - Fitbit | AH57: 120 | AK57: Unknown
I58: 16-APR-ES | J58: headphones | K58: Bose | L58: 250 | M58: 20 | N58: Electroni | Q58: 16-APR-ES | R58: Headphones | S58: Bose | T58: 250 | U58: 20 | V58: Electronics | X58: 16-APR-ES | Y58: 45763 | Z58: ES | AB58: Headphones | AC58: Bose | AD58: =CONCATENATE(AB58," - ",AC58) -> Headphones - Bose | AH58: 150 | AK58: Electronics
I59: 21-AUG-CA | J59: Laptop Bag | K59: Samsonite | L59: 50 | M59: 35 | N59: Accessories | Q59: 21-AUG-CA | R59: Laptop Bag | S59: Samsonite | T59: 50 | U59: 35 | V59: Accessories | X59: 21-AUG-CA | Y59: 45890 | Z59: CA | AB59: Laptop Bag | AC59: Samsonite | AD59: =CONCATENATE(AB59," - ",AC59) -> Laptop Bag - Samsonite | AH59: 250 | AK59: Electronics
I60: 20-AUG-CN | J60: Smartwatch | K60: Huawei | L60: 160 | M60: 15 | N60: Electroni | Q60: 20-AUG-CN | R60: Smartwatch | S60: Huawei | T60: 160 | U60: 15 | V60: Electronics | X60: 20-AUG-CN | Y60: 45889 | Z60: CN | AB60: Smartwatch | AC60: Huawei | AD60: =CONCATENATE(AB60," - ",AC60) -> Smartwatch - Huawei | AH60: 50 | AK60: Accessories
I61: 27-JAN-IT | J61: laptop | K61: Asus | L61: 980 | M61: 10 | N61: Electronics | Q61: 27-JAN-IT | R61: Laptop | S61: Asus | T61: 980 | U61: 10 | V61: Electronics | X61: 27-JAN-IT | Y61: 45684 | Z61: IT | AB61: Laptop | AC61: Asus | AD61: =CONCATENATE(AB61," - ",AC61) -> Laptop - Asus | AH61: 160 | AK61: Electronics
I62: 01-MAR-UK | J62: Sunglasses | K62: Oakley | L62: 150 | M62: 15 | N62: Fashion | Q62: 01-MAR-UK | R62: Sunglasses | S62: Oakley | T62: 150 | U62: 15 | V62: Fashion | X62: 01-MAR-UK | Y62: 45717 | Z62: UK | AB62: Sunglasses | AC62: Oakley | AD62: =CONCATENATE(AB62," - ",AC62) -> Sunglasses - Oakley | AH62: 980 | AK62: Electronics
I63: 14-AUG-US | J63: Camping Tent | K63: Coleman | M63: 10 | N63: Outdoor | Q63: 14-AUG-US | R63: Camping Tent | S63: Coleman | T63: 130 | U63: 10 | V63: Outdoor | X63: 14-AUG-US | Y63: 45883 | Z63: US | AB63: Camping Tent | AC63: Coleman | AD63: =CONCATENATE(AB63," - ",AC63) -> Camping Tent - Coleman | AH63: 150 | AK63: Fashion
I64: 14-MAY-RU | J64: Camera | K64: Nikon | L64: 700 | M64: 50 | N64: Electronics | Q64: 14-MAY-RU | R64: Camera | S64: Nikon | T64: 700 | U64: 50 | V64: Electronics | X64: 14-MAY-RU | Y64: 45791 | Z64: RU | AB64: Camera | AC64: Nikon | AD64: =CONCATENATE(AB64," - ",AC64) -> Camera - Nikon | AH64: 130 | AK64: Outdoor
I65: 09-JAN-CA | J65: Microwave | K65: Panasonic | L65: 80 | M65: 20 | N65: Kitchen | Q65: 09-JAN-CA | R65: Microwave | S65: Panasonic | T65: 80 | U65: 20 | V65: Kitchen | X65: 09-JAN-CA | Y65: 45666 | Z65: CA | AB65: Microwave | AC65: Panasonic | AD65: =CONCATENATE(AB65," - ",AC65) -> Microwave - Panasonic | AH65: 700 | AK65: Electronics
I66: 19-JUL-BR | J66: Fitness Tracker | K66: Xiaomi | L66: 150 | M66: 30 | Q66: 19-JUL-BR | R66: Fitness Tracker | S66: Xiaomi | T66: 150 | U66: 30 | V66: Unknown | X66: 19-JUL-BR | Y66: 45857 | Z66: BR | AB66: Fitness Tracker | AC66: Xiaomi | AD66: =CONCATENATE(AB66," - ",AC66) -> Fitness Tracker - Xiaomi | AH66: 80 | AK66: Kitchen
I67: 21-AUG-CA | J67: Laptop Bag | K67: Samsonite | L67: 50 | M67: 35 | N67: Accessories | Q67: 29-SEP-CA | R67: Smartphone | S67: Google | T67: 800 | U67: 45 | V67: Electronics | X67: 29-SEP-CA | Y67: 45929 | Z67: CA | AB67: Smartphone | AC67: Google | AD67: =CONCATENATE(AB67," - ",AC67) -> Smartphone - Google | AH67: 150 | AK67: Unknown
I68: 29-SEP-CA | J68: Smartphone | K68: Google | L68: 800 | M68: 45 | N68: Electronics | Q68: 03-JUN-CA | R68: Sunglasses | S68: Ray-Ban | T68: 74 | U68: 25 | V68: Fashion | X68: 03-JUN-CA | Y68: 45811 | Z68: CA | AB68: Sunglasses | AC68: Ray-Ban | AD68: =CONCATENATE(AB68," - ",AC68) -> Sunglasses - Ray-Ban | AH68: 800 | AK68: Electronics
I69: 03-JUN-CA | J69: Sunglasses | K69: Ray-Ban | M69: 25 | N69: Fashion | Q69: 11-JUL-CA | R69: Blender | S69: Vitamix | T69: 400 | U69: 40 | V69: Kitchen | X69: 11-JUL-CA | Y69: 45849 | Z69: CA | AB69: Blender | AC69: Vitamix | AD69: =CONCATENATE(AB69," - ",AC69) -> Blender - Vitamix | AH69: 74 | AK69: Fashion
I70: 11-JUL-CA | J70: Blender | K70: Vitamix | L70: 400 | M70: 40 | N70: Kitchen | Q70: 07-MAR-CA | R70: Dress | S70: Zara | T70: 60 | U70: 30 | V70: Fashion | X70: 07-MAR-CA | Y70: 45723 | Z70: CA | AB70: Dress | AC70: Zara | AD70: =CONCATENATE(AB70," - ",AC70) -> Dress - Zara | AH70: 400 | AK70: Kitchen
I71: 16-APR-ES | J71: headphones | K71: Bose | L71: 250 | M71: 20 | N71: Electroni | Q71: 13-APR-CA | R71: Toaster | S71: Hamilton | T71: 40 | U71: 10 | V71: Kitchen | X71: 13-APR-CA | Y71: 45760 | Z71: CA | AB71: Toaster | AC71: Hamilton | AD71: =CONCATENATE(AB71," - ",AC71) -> Toaster - Hamilton | AH71: 60 | AK71: Fashion
I72: 07-MAR-CA | J72: Dress | K72: Zara | L72: 60 | M72: 30 | N72: Fashion | Q72: 24-MAY-CA | R72: Fitness Tracker | S72: Garmin | T72: 130 | U72: 5 | V72: Electronics | X72: 24-MAY-CA | Y72: 45801 | Z72: CA | AB72: Fitness Tracker | AC72: Garmin | AD72: =CONCATENATE(AB72," - ",AC72) -> Fitness Tracker - Garmin | AH72: 40 | AK72: Kitchen
I73: 13-APR-CA | J73: Toaster | K73: Hamilton | L73: 40 | M73: 10 | N73: Kitchen | Q73: 02-DEC-CA | R73: Jeans | S73: Levi's | T73: 50 | U73: 50 | V73: Fashion | X73: 02-DEC-CA | Y73: 45993 | Z73: CA | AB73: Jeans | AC73: Levi's | AD73: =CONCATENATE(AB73," - ",AC73) -> Jeans - Levi's | AH73: 130 | AK73: Electronics
I74: 24-MAY-CA | J74: Fitness Tracker | K74: Garmin | L74: 130 | M74: 5 | N74: Electronics | Q74: 09-JUL-FR | R74: Watch | S74: Casio | T74: 100 | U74: 20 | V74: Accessories | X74: 09-JUL-FR | Y74: 45847 | Z74: FR | AB74: Watch | AC74: Casio | AD74: =CONCATENATE(AB74," - ",AC74) -> Watch - Casio | AH74: 50 | AK74: Fashion
I75: 02-DEC-CA | J75: Jeans | K75: Levi's | L75: 50 | M75: 50 | N75: Fashion | AH75: 100 | AK75: Accessories
I76: 17-JUN-IN | J76: Laptop | K76: HP | L76: 950 | M76: 25 | N76: Electronics
I77: 09-JUL-FR | J77: Watch | K77: Casio | L77: 100 | M77: 20 | N77: Accessories
